File,Function,Kind,TypeAnnotation,Error,Warning,VarCnt,HasWhere,VarsUsedOnce,UseSiteVariance,RestrictedScope
benchmarks/BenchmarkHelper.jl,benchmark_excluded,mtsig,Tuple{Any},false,false,0,false,true,true,true
benchmarks/BenchmarkHelper.jl,benchmark_files,mtsig,Tuple{},false,false,0,false,true,true,true
benchmarks/BenchmarkHelper.jl,<NA-name>,mtsig,Tuple{Any},false,false,0,false,true,true,true
benchmarks/BenchmarkHelper.jl,<NA-name>,mtsig,Tuple{Any},false,false,0,false,true,true,true
benchmarks/benchmarks.jl,constrained_test,mtsig,Tuple{Any},false,false,0,false,true,true,true
benchmarks/benchmarks.jl,gdemo,mtsig,"Tuple{Any, Any}",false,false,0,false,true,true,true
benchmarks/benchmarks.jl,target,mtsig,Tuple{Any},false,false,0,false,true,true,true
benchmarks/benchmarks.jl,mdemo,mtsig,"Tuple{Any, Any}",false,false,0,false,true,true,true
benchmarks/nuts/hlr.jl,hlr_nuts,mtsig,"Tuple{Any, Any, Any}",false,false,0,false,true,true,true
benchmarks/nuts/lr.jl,lr_nuts,mtsig,"Tuple{Any, Any, Any}",false,false,0,false,true,true,true
benchmarks/nuts/lr_helper.jl,readlrdata,mtsig,Tuple{},false,false,0,false,true,true,true
benchmarks/nuts/sv_nuts.jl,sv_nuts,mtsig,"Tuple{Any, Any, Type{T}} where T",false,false,1,true,true,true,true
docs/make-utils.jl,find_yaml_header,mtsig,Tuple{Any},false,false,0,false,true,true,true
docs/make-utils.jl,remove_yaml,mtsig,"Tuple{Any, Any}",false,false,0,false,true,true,true
docs/make-utils.jl,<NA-name>,mtsig,Tuple{Any},false,false,0,false,true,true,true
docs/make-utils.jl,tidy_api,mtsig,Tuple{Any},false,false,0,false,true,true,true
docs/make-utils.jl,<NA-name>,mtsig,Tuple{Any},false,false,0,false,true,true,true
docs/make-utils.jl,fix_header_1,mtsig,Tuple{Any},false,false,0,false,true,true,true
docs/make-utils.jl,<NA-name>,mtsig,Tuple{Any},false,false,0,false,true,true,true
docs/make-utils.jl,fix_image_path,mtsig,Tuple{Any},false,false,0,false,true,true,true
docs/make-utils.jl,<NA-name>,mtsig,Tuple{Any},false,false,0,false,true,true,true
docs/make-utils.jl,preprocess_markdown,mtsig,Tuple{Any},false,false,0,false,true,true,true
docs/make-utils.jl,postprocess_markdown,mtsig,"Tuple{Any, Any, Any}",false,false,0,false,true,true,true
docs/make-utils.jl,<NA-name>,mtsig,Tuple{Any},false,false,0,false,true,true,true
docs/make-utils.jl,<NA-name>,mtsig,Tuple{Any},false,false,0,false,true,true,true
docs/make-utils.jl,with_clean_docs,mtsig,"Tuple{Any, Any, Any}",false,false,0,false,true,true,true
docs/make-utils.jl,copy_tutorial,mtsig,Tuple{Any},false,false,0,false,true,true,true
docs/make-utils.jl,with_baseurl,mtsig,"Tuple{Any, Any}",false,false,0,false,true,true,true
docs/make-utils.jl,<NA-name>,mtsig,Tuple{Any},false,false,0,false,true,true,true
docs/make-utils.jl,<NA-name>,mtsig,Tuple{Any},false,false,0,false,true,true,true
docs/make.jl,<NA-name>,mtsig,"Tuple{Any, Any}",false,false,0,false,true,true,true
docs/make.jl,<NA-name>,mtsig,Tuple{},false,false,0,false,true,true,true
docs/src/using-turing/gen-sampler-viz.jl,gdemo,mtsig,Tuple{Any},false,false,0,false,true,true,true
docs/src/using-turing/gen-sampler-viz.jl,evaluate,mtsig,"Tuple{Any, Any}",false,false,0,false,true,true,true
docs/src/using-turing/gen-sampler-viz.jl,plot_sampler,mtsig,"Tuple{Any, Any}",false,false,0,false,true,true,true
src/Turing.jl,setprogress!,mtsig,Tuple{Bool},false,false,0,false,true,true,true
src/contrib/inference/dynamichmc.jl,DynamicNUTS,mtsig,Tuple{Vararg{Any}},false,false,0,false,true,true,true
src/contrib/inference/dynamichmc.jl,DynamicNUTS,mtsig,Tuple{Vararg{Symbol}} where AD,false,false,1,true,false,true,true
src/contrib/inference/dynamichmc.jl,DynamicPPL.getspace,mtsig,"Tuple{DynamicNUTS{<:Any, space}} where space",false,false,2,true,true,true,true
src/contrib/inference/dynamichmc.jl,DynamicHMC.dimension,mtsig,Tuple{DynamicHMCLogDensity},false,false,0,false,true,true,true
src/contrib/inference/dynamichmc.jl,DynamicHMC.capabilities,mtsig,Tuple{Type{<:DynamicHMCLogDensity}},false,false,1,true,true,true,true
src/contrib/inference/dynamichmc.jl,DynamicHMC.logdensity_and_gradient,mtsig,"Tuple{DynamicHMCLogDensity, AbstractVector}",false,false,0,false,true,true,true
src/contrib/inference/dynamichmc.jl,gibbs_state,mtsig,"Tuple{Model, Sampler{<:DynamicNUTS}, DynamicNUTSState, AbstractVarInfo}",false,false,1,true,true,true,true
src/contrib/inference/dynamichmc.jl,DynamicPPL.initialsampler,mtsig,Tuple{Sampler{<:DynamicNUTS}},false,false,1,true,true,true,true
src/contrib/inference/dynamichmc.jl,DynamicPPL.initialstep,mtsig,"Tuple{AbstractRNG, Model, Sampler{<:DynamicNUTS}, AbstractVarInfo, Vararg{Any}}",false,false,1,true,true,true,true
src/contrib/inference/dynamichmc.jl,AbstractMCMC.step,mtsig,"Tuple{AbstractRNG, Model, Sampler{<:DynamicNUTS}, DynamicNUTSState, Vararg{Any}}",false,false,1,true,true,true,true
src/contrib/inference/sghmc.jl,SGHMC,mtsig,"Tuple{Vararg{Any}, Vararg{Any}}",false,false,0,false,true,true,true
src/contrib/inference/sghmc.jl,SGHMC,mtsig,"Tuple{Vararg{Symbol}, Real, Real} where AD",false,false,1,true,false,true,true
src/contrib/inference/sghmc.jl,DynamicPPL.initialstep,mtsig,"Tuple{Random.AbstractRNG, Model, Sampler{<:SGHMC}, AbstractVarInfo, Vararg{Any}}",false,false,1,true,true,true,true
src/contrib/inference/sghmc.jl,AbstractMCMC.step,mtsig,"Tuple{Random.AbstractRNG, Model, Sampler{<:SGHMC}, SGHMCState, Vararg{Any}}",false,false,1,true,true,true,true
src/contrib/inference/sghmc.jl,PolynomialStepsize,mtsig,"Tuple{T, T, T} where T",false,false,1,true,false,true,true
src/contrib/inference/sghmc.jl,PolynomialStepsize,mtsig,"Tuple{T, T, T} where T <: Real",false,false,1,true,false,true,true
src/contrib/inference/sghmc.jl,PolynomialStepsize,mtsig,"Tuple{Real, Real, Real}",false,false,0,false,true,true,true
src/contrib/inference/sghmc.jl,f::PolynomialStepsize,mtsig,Tuple{Int},false,false,0,false,true,true,true
src/contrib/inference/sghmc.jl,SGLD,mtsig,"Tuple{Vararg{Any}, Vararg{Any}}",false,false,0,false,true,true,true
src/contrib/inference/sghmc.jl,SGLD,mtsig,"Tuple{Vararg{Symbol}, Any} where AD",false,false,1,true,false,true,true
src/contrib/inference/sghmc.jl,SGLDTransition,mtsig,"Tuple{AbstractVarInfo, Any}",false,false,0,false,true,true,true
src/contrib/inference/sghmc.jl,metadata,mtsig,Tuple{SGLDTransition},false,false,0,false,true,true,true
src/contrib/inference/sghmc.jl,DynamicPPL.getlogp,mtsig,Tuple{SGLDTransition},false,false,0,false,true,true,true
src/contrib/inference/sghmc.jl,DynamicPPL.initialstep,mtsig,"Tuple{Random.AbstractRNG, Model, Sampler{<:SGLD}, AbstractVarInfo, Vararg{Any}}",false,false,1,true,true,true,true
src/contrib/inference/sghmc.jl,AbstractMCMC.step,mtsig,"Tuple{Random.AbstractRNG, Model, Sampler{<:SGLD}, SGLDState, Vararg{Any}}",false,false,1,true,true,true,true
src/essential/Essential.jl,__init__,mtsig,Tuple{},false,false,0,false,true,true,true
src/essential/ad.jl,setadbackend,mtsig,Tuple{Symbol},false,false,0,false,true,true,true
src/essential/ad.jl,setadbackend,mtsig,Tuple{Val},false,false,0,false,true,true,true
src/essential/ad.jl,_setadbackend,mtsig,Tuple{Val{:forwarddiff}},false,true,0,false,true,true,true
src/essential/ad.jl,_setadbackend,mtsig,Tuple{Val{:tracker}},false,true,0,false,true,true,true
src/essential/ad.jl,_setadbackend,mtsig,Tuple{Val{:zygote}},false,true,0,false,true,true,true
src/essential/ad.jl,setadsafe,mtsig,Tuple{Bool},false,false,0,false,true,true,true
src/essential/ad.jl,setchunksize,mtsig,Tuple{Int},false,false,0,false,true,true,true
src/essential/ad.jl,getchunksize,mtsig,Tuple{Type{<:ForwardDiffAD{chunk}}} where chunk,false,false,2,true,true,true,false
src/essential/ad.jl,getchunksize,mtsig,Tuple{Type{<:Sampler{Talg}}} where Talg,false,false,2,true,true,true,false
src/essential/ad.jl,getchunksize,mtsig,Tuple{Type{SampleFromPrior}},false,false,0,false,true,true,true
src/essential/ad.jl,ADBackend,mtsig,Tuple{},false,false,0,false,true,true,true
src/essential/ad.jl,ADBackend,mtsig,Tuple{Symbol},false,false,0,false,true,true,true
src/essential/ad.jl,ADBackend,mtsig,Tuple{Val{:forwarddiff}},false,true,0,false,true,true,true
src/essential/ad.jl,ADBackend,mtsig,Tuple{Val{:tracker}},false,true,0,false,true,true,true
src/essential/ad.jl,ADBackend,mtsig,Tuple{Val{:zygote}},false,true,0,false,true,true,true
src/essential/ad.jl,ADBackend,mtsig,Tuple{Val},false,false,0,false,true,true,true
src/essential/ad.jl,getADbackend,mtsig,Tuple{Sampler},false,false,0,false,true,true,true
src/essential/ad.jl,getADbackend,mtsig,Tuple{SampleFromPrior},false,false,0,false,true,true,true
src/essential/ad.jl,gradient_logp,mtsig,"Tuple{AbstractVector{<:Real}, VarInfo, Model, AbstractSampler, DynamicPPL.AbstractContext}",false,false,1,true,true,true,true
src/essential/ad.jl,gradient_logp,mtsig,"Tuple{ForwardDiffAD, AbstractVector{<:Real}, VarInfo, Model, AbstractSampler, DynamicPPL.AbstractContext}",false,false,1,true,true,true,true
src/essential/ad.jl,f,mtsig,Tuple{Any},false,false,0,false,true,true,true
src/essential/ad.jl,gradient_logp,mtsig,"Tuple{TrackerAD, AbstractVector{<:Real}, VarInfo, Model, AbstractSampler, DynamicPPL.AbstractContext}",false,false,1,true,true,true,true
src/essential/ad.jl,f,mtsig,Tuple{Any},false,false,0,false,true,true,true
src/essential/ad.jl,gradient_logp,mtsig,"Tuple{ZygoteAD, AbstractVector{<:Real}, VarInfo, Model, AbstractSampler, DynamicPPL.AbstractContext}",false,false,1,true,true,true,true
src/essential/ad.jl,f,mtsig,Tuple{Any},false,false,0,false,true,true,true
src/essential/ad.jl,verifygrad,mtsig,Tuple{AbstractVector{<:Real}},false,false,1,true,true,true,true
src/essential/ad.jl,$F,mtsig,"Tuple{PDMatDistribution, Tracker.TrackedArray}",false,false,0,false,true,true,true
src/essential/ad.jl,$F,mtsig,"Tuple{PDMatDistribution, Tracker.TrackedArray}",false,false,0,false,true,true,true
src/essential/ad.jl,<NA-name>,mtsig,Tuple{Any},false,false,0,false,true,true,true
src/essential/ad.jl,<NA-name>,mtsig,Tuple{Any},false,false,0,false,true,true,true
src/essential/container.jl,TracedModel,mtsig,"Tuple{Model, AbstractSampler, AbstractVarInfo}",false,false,0,false,true,true,true
src/essential/container.jl,_get_evaluator,mtsig,"(Tuple{Model{_F, argnames}, Any, Any} where argnames) where _F",false,false,2,true,true,true,true
src/essential/container.jl,Base.copy,mtsig,Tuple{AdvancedPS.Trace{<:TracedModel}},false,false,1,true,true,true,true
src/essential/container.jl,AdvancedPS.advance!,mtsig,Tuple{AdvancedPS.Trace{<:TracedModel}},false,false,1,true,true,true,true
src/essential/container.jl,AdvancedPS.delete_retained!,mtsig,Tuple{TracedModel},false,false,0,false,true,true,true
src/essential/container.jl,AdvancedPS.reset_model,mtsig,Tuple{TracedModel},false,false,0,false,true,true,true
src/essential/container.jl,AdvancedPS.reset_logprob!,mtsig,Tuple{TracedModel},false,false,0,false,true,true,true
src/essential/container.jl,Libtask.TapedTask,mtsig,Tuple{TracedModel},false,false,0,false,true,true,true
src/essential/container.jl,Libtask.TapedTask,mtsig,"Tuple{TracedModel, Random.AbstractRNG}",false,false,0,false,true,true,true
src/essential/compat/reversediff.jl,setrdcache,mtsig,Tuple{Bool},false,false,0,false,true,true,true
src/essential/compat/reversediff.jl,setrdcache,mtsig,Tuple{Val{false}},false,false,0,false,true,true,true
src/essential/compat/reversediff.jl,setrdcache,mtsig,Tuple{Val},false,false,0,false,true,true,true
src/essential/compat/reversediff.jl,getrdcache,mtsig,Tuple{},false,false,0,false,true,true,true
src/essential/compat/reversediff.jl,ADBackend,mtsig,Tuple{Val{:reversediff}},false,true,0,false,true,true,true
src/essential/compat/reversediff.jl,_setadbackend,mtsig,Tuple{Val{:reversediff}},false,true,0,false,true,true,true
src/essential/compat/reversediff.jl,gradient_logp,mtsig,"Tuple{ReverseDiffAD{false}, AbstractVector{<:Real}, VarInfo, Model, AbstractSampler, DynamicPPL.AbstractContext}",false,false,1,true,true,true,true
src/essential/compat/reversediff.jl,f,mtsig,Tuple{Any},false,false,0,false,true,true,true
src/essential/compat/reversediff.jl,tape,mtsig,"Tuple{Any, Any}",false,false,0,false,true,true,true
src/essential/compat/reversediff.jl,taperesult,mtsig,"Tuple{Any, Any}",false,false,0,false,true,true,true
src/essential/compat/reversediff.jl,setrdcache,mtsig,Tuple{Val{true}},false,false,0,false,true,true,true
src/essential/compat/reversediff.jl,emptyrdcache,mtsig,Tuple{},false,false,0,false,true,true,true
src/essential/compat/reversediff.jl,gradient_logp,mtsig,"Tuple{ReverseDiffAD{true}, AbstractVector{<:Real}, VarInfo, Model, AbstractSampler, DynamicPPL.AbstractContext}",false,false,1,true,true,true,true
src/essential/compat/reversediff.jl,f,mtsig,Tuple{Any},false,false,0,false,true,true,true
src/essential/compat/reversediff.jl,Memoization._get!,mtsig,"Tuple{Any, Dict, Tuple{Tuple{RDTapeKey}, Any}}",false,false,0,false,true,true,true
src/essential/compat/reversediff.jl,memoized_taperesult,mtsig,"Tuple{Any, Any}",false,false,0,false,true,true,true
src/essential/compat/reversediff.jl,memoized_taperesult,mtsig,Tuple{RDTapeKey},false,false,0,false,true,true,true
src/essential/compat/reversediff.jl,compiledtape,mtsig,"Tuple{Any, Any}",false,false,0,false,true,true,true
src/inference/AdvancedSMC.jl,SMC,mtsig,"Tuple{Any, Tuple}",false,false,0,false,true,true,true
src/inference/AdvancedSMC.jl,SMC,mtsig,"Tuple{Any, Real, Tuple}",false,false,0,false,true,true,true
src/inference/AdvancedSMC.jl,SMC,mtsig,"Tuple{Real, Tuple}",false,false,0,false,true,true,true
src/inference/AdvancedSMC.jl,SMC,mtsig,Tuple{Vararg{Symbol}},false,false,0,false,true,true,true
src/inference/AdvancedSMC.jl,SMC,mtsig,Tuple{Tuple},false,false,0,false,true,true,true
src/inference/AdvancedSMC.jl,SMCTransition,mtsig,"Tuple{AbstractVarInfo, Any}",false,false,0,false,true,true,true
src/inference/AdvancedSMC.jl,metadata,mtsig,Tuple{SMCTransition},false,false,0,false,true,true,true
src/inference/AdvancedSMC.jl,DynamicPPL.getlogp,mtsig,Tuple{SMCTransition},false,false,0,false,true,true,true
src/inference/AdvancedSMC.jl,getlogevidence,mtsig,"Tuple{Any, Sampler{<:SMC}, SMCState}",false,false,1,true,true,true,true
src/inference/AdvancedSMC.jl,AbstractMCMC.sample,mtsig,"Tuple{AbstractRNG, AbstractModel, Sampler{<:SMC}, Integer, Any, Any, Any, Vararg{Any}}",false,false,1,true,true,true,true
src/inference/AdvancedSMC.jl,DynamicPPL.initialstep,mtsig,"Tuple{AbstractRNG, AbstractModel, Sampler{<:SMC}, AbstractVarInfo, Int, Vararg{Any}}",false,false,1,true,true,true,true
src/inference/AdvancedSMC.jl,AbstractMCMC.step,mtsig,"Tuple{AbstractRNG, AbstractModel, Sampler{<:SMC}, SMCState, Vararg{Any}}",false,false,1,true,true,true,true
src/inference/AdvancedSMC.jl,PG,mtsig,"Tuple{Int, Any, Tuple}",false,false,0,false,true,true,true
src/inference/AdvancedSMC.jl,PG,mtsig,"Tuple{Int, Any, Real, Tuple}",false,false,0,false,true,true,true
src/inference/AdvancedSMC.jl,PG,mtsig,"Tuple{Int, Real, Tuple}",false,false,0,false,true,true,true
src/inference/AdvancedSMC.jl,PG,mtsig,"Tuple{Int, Vararg{Symbol}}",false,false,0,false,true,true,true
src/inference/AdvancedSMC.jl,PG,mtsig,"Tuple{Int, Tuple}",false,false,0,false,true,true,true
src/inference/AdvancedSMC.jl,PGTransition,mtsig,"Tuple{AbstractVarInfo, Any}",false,false,0,false,true,true,true
src/inference/AdvancedSMC.jl,metadata,mtsig,Tuple{PGTransition},false,false,0,false,true,true,true
src/inference/AdvancedSMC.jl,DynamicPPL.getlogp,mtsig,Tuple{PGTransition},false,false,0,false,true,true,true
src/inference/AdvancedSMC.jl,getlogevidence,mtsig,"Tuple{Any, Sampler{<:PG}, AbstractVarInfo}",false,false,1,true,true,true,true
src/inference/AdvancedSMC.jl,DynamicPPL.initialstep,mtsig,"Tuple{AbstractRNG, AbstractModel, Sampler{<:PG}, AbstractVarInfo, Vararg{Any}}",false,false,1,true,true,true,true
src/inference/AdvancedSMC.jl,AbstractMCMC.step,mtsig,"Tuple{AbstractRNG, AbstractModel, Sampler{<:PG}, AbstractVarInfo, Vararg{Any}}",false,false,1,true,true,true,true
src/inference/AdvancedSMC.jl,<NA-name>,mtsig,Tuple{Any},false,false,0,false,true,true,true
src/inference/AdvancedSMC.jl,DynamicPPL.use_threadsafe_eval,mtsig,"Tuple{SamplingContext{<:Sampler{<:Union{PG, SMC}}}, AbstractVarInfo}",false,false,2,true,true,true,true
src/inference/AdvancedSMC.jl,DynamicPPL.assume,mtsig,"Tuple{Any, Sampler{<:Union{PG, SMC}}, Distribution, VarName, AbstractVarInfo}",false,false,1,true,true,true,true
src/inference/AdvancedSMC.jl,DynamicPPL.observe,mtsig,"Tuple{Sampler{<:Union{PG, SMC}}, Distribution, Any, Any}",false,false,1,true,true,true,true
src/inference/AdvancedSMC.jl,AdvancedPS.Trace,mtsig,"Tuple{Model, Sampler{<:Union{SMC, PG}}, AbstractVarInfo}",false,false,1,true,true,true,true
src/inference/Inference.jl,getchunksize,mtsig,Tuple{Type{<:Hamiltonian{AD}}} where AD,false,false,2,true,true,true,false
src/inference/Inference.jl,getADbackend,mtsig,Tuple{Hamiltonian{AD}} where AD,false,false,1,true,true,true,true
src/inference/Inference.jl,mh_accept,mtsig,"Tuple{Real, Real, Real}",false,false,0,false,true,true,true
src/inference/Inference.jl,Transition,mtsig,"Tuple{AbstractVarInfo, NamedTuple}",false,false,0,false,true,true,true
src/inference/Inference.jl,metadata,mtsig,Tuple{Transition},false,false,0,false,true,true,true
src/inference/Inference.jl,DynamicPPL.getlogp,mtsig,Tuple{Transition},false,false,0,false,true,true,true
src/inference/Inference.jl,metadata,mtsig,Tuple{AbstractVarInfo},false,false,0,false,true,true,true
src/inference/Inference.jl,AbstractMCMC.sample,mtsig,"Tuple{AbstractModel, InferenceAlgorithm, Integer, Vararg{Any}}",false,false,0,false,true,true,true
src/inference/Inference.jl,AbstractMCMC.sample,mtsig,"Tuple{AbstractRNG, AbstractModel, InferenceAlgorithm, Integer, Vararg{Any}}",false,false,0,false,true,true,true
src/inference/Inference.jl,AbstractMCMC.sample,mtsig,"Tuple{AbstractRNG, AbstractModel, Sampler{<:InferenceAlgorithm}, Integer, Any, Any, Any, Vararg{Any}}",false,false,1,true,true,true,true
src/inference/Inference.jl,AbstractMCMC.sample,mtsig,"Tuple{AbstractRNG, AbstractModel, Prior, Integer, Any, Any, Any, Vararg{Any}}",false,false,0,false,true,true,true
src/inference/Inference.jl,AbstractMCMC.sample,mtsig,"Tuple{AbstractModel, InferenceAlgorithm, AbstractMCMC.AbstractMCMCEnsemble, Integer, Integer, Vararg{Any}}",false,false,0,false,true,true,true
src/inference/Inference.jl,AbstractMCMC.sample,mtsig,"Tuple{AbstractRNG, AbstractModel, InferenceAlgorithm, AbstractMCMC.AbstractMCMCEnsemble, Integer, Integer, Vararg{Any}}",false,false,0,false,true,true,true
src/inference/Inference.jl,AbstractMCMC.sample,mtsig,"Tuple{AbstractRNG, AbstractModel, Sampler{<:InferenceAlgorithm}, AbstractMCMC.AbstractMCMCEnsemble, Integer, Integer, Any, Any, Vararg{Any}}",false,false,1,true,true,true,true
src/inference/Inference.jl,AbstractMCMC.sample,mtsig,"Tuple{AbstractRNG, AbstractModel, Prior, AbstractMCMC.AbstractMCMCEnsemble, Integer, Integer, Any, Any, Vararg{Any}}",false,false,0,false,true,true,true
src/inference/Inference.jl,getparams,mtsig,Tuple{Any},false,false,0,false,true,true,true
src/inference/Inference.jl,getparams,mtsig,Tuple{VarInfo},false,false,0,false,true,true,true
src/inference/Inference.jl,_params_to_array,mtsig,Tuple{Vector},false,false,0,false,true,true,true
src/inference/Inference.jl,<NA-name>,mtsig,Tuple{Any},false,false,0,false,true,true,true
src/inference/Inference.jl,flatten_namedtuple,mtsig,Tuple{NamedTuple},false,false,0,false,true,true,true
src/inference/Inference.jl,<NA-name>,mtsig,Tuple{Any},false,false,0,false,true,true,true
src/inference/Inference.jl,<NA-name>,mtsig,Tuple{TUPLE_ARG},false,false,0,false,true,true,true
src/inference/Inference.jl,get_transition_extras,mtsig,Tuple{AbstractVector{<:VarInfo}},false,false,1,true,true,true,true
src/inference/Inference.jl,get_transition_extras,mtsig,Tuple{AbstractVector},false,false,0,false,true,true,true
src/inference/Inference.jl,names_values,mtsig,Tuple{AbstractVector{<:NamedTuple{names}}} where names,false,false,2,true,true,true,false
src/inference/Inference.jl,names_values,mtsig,Tuple{AbstractVector{<:NamedTuple}},false,false,1,true,true,true,true
src/inference/Inference.jl,getlogevidence,mtsig,"Tuple{Any, Any, Any}",false,false,0,false,true,true,true
src/inference/Inference.jl,AbstractMCMC.bundle_samples,mtsig,"Tuple{Vector, AbstractModel, Union{Sampler{<:InferenceAlgorithm}, SampleFromPrior}, Any, Type{MCMCChains.Chains}, Any, Any, Any, Any, Any, Vararg{Any}}",false,false,1,true,true,true,true
src/inference/Inference.jl,AbstractMCMC.bundle_samples,mtsig,"Tuple{Vector, AbstractModel, Union{Sampler{<:InferenceAlgorithm}, SampleFromPrior}, Any, Type{Vector{NamedTuple}}, Vararg{Any}}",false,false,1,true,true,true,true
src/inference/Inference.jl,<NA-name>,mtsig,Tuple{Any},false,false,0,false,true,true,true
src/inference/Inference.jl,save,mtsig,"Tuple{MCMCChains.Chains, Sampler, Any, Any, Any}",false,false,0,false,true,true,true
src/inference/Inference.jl,resume,mtsig,"Tuple{MCMCChains.Chains, Vararg{Any}, Vararg{Any}}",false,false,0,false,true,true,true
src/inference/Inference.jl,resume,mtsig,"Tuple{Random.AbstractRNG, MCMCChains.Chains, Vararg{Any}, Any, Vararg{Any}}",false,false,0,false,true,true,true
src/inference/Inference.jl,DynamicPPL.loadstate,mtsig,Tuple{MCMCChains.Chains},false,false,0,false,true,true,true
src/inference/Inference.jl,DynamicPPL.getspace,mtsig,Tuple{($alg){space}} where space,false,false,1,true,true,true,true
src/inference/Inference.jl,DynamicPPL.getspace,mtsig,"Tuple{($alg){<:Any, space}} where space",false,false,2,true,true,true,true
src/inference/Inference.jl,DynamicPPL.get_matching_type,mtsig,"((Tuple{Sampler{<:Union{PG, SMC}}, Any, Type{TV}} where TV <: Array{T, N}) where N) where T",false,false,4,true,true,true,true
src/inference/Inference.jl,DynamicPPL.getspace,mtsig,Tuple{Sampler},false,false,0,false,true,true,true
src/inference/Inference.jl,DynamicPPL.inspace,mtsig,"Tuple{VarName, Sampler}",false,false,0,false,true,true,true
src/inference/Inference.jl,predict,mtsig,"Tuple{Model, MCMCChains.Chains, Vararg{Any}}",false,false,0,false,true,true,true
src/inference/Inference.jl,predict,mtsig,"Tuple{AbstractRNG, Model, MCMCChains.Chains, Any}",false,false,0,false,true,true,true
src/inference/Inference.jl,<NA-name>,mtsig,Tuple{Any},false,false,0,false,true,true,true
src/inference/Inference.jl,transitions_from_chain,mtsig,"Tuple{Turing.Model, MCMCChains.Chains, Vararg{Any}}",false,false,0,false,true,true,true
src/inference/Inference.jl,transitions_from_chain,mtsig,"Tuple{Random.AbstractRNG, Turing.Model, MCMCChains.Chains, Any}",false,false,0,false,true,true,true
src/inference/Inference.jl,<NA-name>,mtsig,Tuple{TUPLE_ARG},false,false,0,false,true,true,true
src/inference/emcee.jl,Emcee,mtsig,"Tuple{Int, Any}",false,false,0,false,true,true,true
src/inference/emcee.jl,AbstractMCMC.step,mtsig,"Tuple{Random.AbstractRNG, Model, Sampler{<:Emcee}, Any, Any, Vararg{Any}}",false,false,1,true,true,true,true
src/inference/emcee.jl,<NA-name>,mtsig,"Tuple{Any, Any}",false,false,0,false,true,true,true
src/inference/emcee.jl,<NA-name>,mtsig,Tuple{Any},false,false,0,false,true,true,true
src/inference/emcee.jl,AbstractMCMC.step,mtsig,"Tuple{AbstractRNG, Model, Sampler{<:Emcee}, EmceeState, Vararg{Any}}",false,false,1,true,true,true,true
src/inference/emcee.jl,<NA-name>,mtsig,Tuple{Any},false,false,0,false,true,true,true
src/inference/emcee.jl,AbstractMCMC.bundle_samples,mtsig,"Tuple{Vector{<:Vector}, AbstractModel, Sampler{<:Emcee}, EmceeState, Type{MCMCChains.Chains}, Any, Any, Any, Any, Vararg{Any}}",false,false,2,true,true,true,true
src/inference/emcee.jl,<NA-name>,mtsig,Tuple{Any},false,false,0,false,true,true,true
src/inference/ess.jl,ESS,mtsig,Tuple{},false,false,0,false,true,true,true
src/inference/ess.jl,ESS,mtsig,Tuple{Symbol},false,false,0,false,true,true,true
src/inference/ess.jl,DynamicPPL.initialstep,mtsig,"Tuple{AbstractRNG, Model, Sampler{<:ESS}, AbstractVarInfo, Vararg{Any}}",false,false,1,true,true,true,true
src/inference/ess.jl,AbstractMCMC.step,mtsig,"Tuple{AbstractRNG, Model, Sampler{<:ESS}, AbstractVarInfo, Vararg{Any}}",false,false,1,true,true,true,true
src/inference/ess.jl,ESSPrior,mtsig,"((Tuple{M, S, V} where V <: AbstractVarInfo) where S <: Sampler{<:ESS}) where M <: Model",false,false,4,true,true,true,true
src/inference/ess.jl,<NA-name>,mtsig,Tuple{Any},false,false,0,false,true,true,true
src/inference/ess.jl,ESSPrior,mtsig,"Tuple{Model, Sampler{<:ESS}, AbstractVarInfo}",false,false,1,true,true,true,true
src/inference/ess.jl,EllipticalSliceSampling.isgaussian,mtsig,Tuple{Type{<:ESSPrior}},false,false,1,true,true,true,true
src/inference/ess.jl,Base.rand,mtsig,"Tuple{Random.AbstractRNG, ESSPrior}",false,false,0,false,true,true,true
src/inference/ess.jl,Distributions.mean,mtsig,Tuple{ESSPrior},false,false,0,false,true,true,true
src/inference/ess.jl,ℓ::ESSLogLikelihood,mtsig,Tuple{Any},false,false,0,false,true,true,true
src/inference/ess.jl,DynamicPPL.tilde_assume,mtsig,"Tuple{Random.AbstractRNG, DefaultContext, Sampler{<:ESS}, Any, Any, Any}",false,false,1,true,true,true,true
src/inference/ess.jl,DynamicPPL.tilde_observe,mtsig,"Tuple{DefaultContext, Sampler{<:ESS}, Any, Any, Any}",false,false,1,true,true,true,true
src/inference/ess.jl,DynamicPPL.dot_tilde_assume,mtsig,"Tuple{Random.AbstractRNG, DefaultContext, Sampler{<:ESS}, Any, Any, Any, Any}",false,false,1,true,true,true,true
src/inference/ess.jl,DynamicPPL.dot_tilde_observe,mtsig,"Tuple{DefaultContext, Sampler{<:ESS}, Any, Any, Any}",false,false,1,true,true,true,true
src/inference/gibbs.jl,isgibbscomponent,mtsig,Tuple{Any},false,false,0,false,true,true,true
src/inference/gibbs.jl,isgibbscomponent,mtsig,Tuple{ESS},false,false,0,false,true,true,true
src/inference/gibbs.jl,isgibbscomponent,mtsig,Tuple{GibbsConditional},false,false,0,false,true,true,true
src/inference/gibbs.jl,isgibbscomponent,mtsig,Tuple{Hamiltonian},false,false,0,false,true,true,true
src/inference/gibbs.jl,isgibbscomponent,mtsig,Tuple{MH},false,false,0,false,true,true,true
src/inference/gibbs.jl,isgibbscomponent,mtsig,Tuple{PG},false,false,0,false,true,true,true
src/inference/gibbs.jl,Gibbs,mtsig,(Tuple{A} where A <: Tuple) where space,false,false,2,true,false,true,true
src/inference/gibbs.jl,Gibbs,mtsig,Tuple{Vararg{Any}},false,false,0,false,true,true,true
src/inference/gibbs.jl,GibbsTransition,mtsig,Tuple{AbstractVarInfo},false,false,0,false,true,true,true
src/inference/gibbs.jl,metadata,mtsig,Tuple{GibbsTransition},false,false,0,false,true,true,true
src/inference/gibbs.jl,DynamicPPL.getlogp,mtsig,Tuple{GibbsTransition},false,false,0,false,true,true,true
src/inference/gibbs.jl,gibbs_varinfo,mtsig,"Tuple{Any, Any, Any}",false,false,0,false,true,true,true
src/inference/gibbs.jl,varinfo,mtsig,Tuple{Any},false,false,0,false,true,true,true
src/inference/gibbs.jl,varinfo,mtsig,Tuple{AbstractVarInfo},false,false,0,false,true,true,true
src/inference/gibbs.jl,gibbs_state,mtsig,"Tuple{Any, Any, AbstractVarInfo, AbstractVarInfo}",false,false,0,false,true,true,true
src/inference/gibbs.jl,gibbs_state,mtsig,"Tuple{Model, Sampler{<:Hamiltonian}, HMCState, AbstractVarInfo}",false,false,1,true,true,true,true
src/inference/gibbs.jl,gibbs_rerun,mtsig,"Tuple{Any, Any}",false,false,0,false,true,true,true
src/inference/gibbs.jl,gibbs_rerun,mtsig,"Tuple{GibbsConditional, MH}",false,false,0,false,true,true,true
src/inference/gibbs.jl,gibbs_rerun,mtsig,"Tuple{Hamiltonian, MH}",false,false,0,false,true,true,true
src/inference/gibbs.jl,gibbs_rerun,mtsig,"Tuple{MH, Hamiltonian}",false,false,0,false,true,true,true
src/inference/gibbs.jl,gibbs_rerun,mtsig,"Tuple{GibbsConditional, Hamiltonian}",false,false,0,false,true,true,true
src/inference/gibbs.jl,gibbs_rerun,mtsig,"Tuple{Any, GibbsConditional}",false,false,0,false,true,true,true
src/inference/gibbs.jl,gibbs_rerun,mtsig,"Tuple{Any, PG}",false,false,0,false,true,true,true
src/inference/gibbs.jl,DynamicPPL.initialstep,mtsig,"Tuple{AbstractRNG, Model, Sampler{<:Gibbs}, AbstractVarInfo, Vararg{Any}}",false,false,1,true,true,true,true
src/inference/gibbs.jl,<NA-name>,mtsig,Tuple{Any},false,false,0,false,true,true,true
src/inference/gibbs.jl,<NA-name>,mtsig,Tuple{Any},false,false,0,false,true,true,true
src/inference/gibbs.jl,AbstractMCMC.step,mtsig,"Tuple{AbstractRNG, Model, Sampler{<:Gibbs}, GibbsState, Vararg{Any}}",false,false,1,true,true,true,true
src/inference/gibbs.jl,<NA-name>,mtsig,"Tuple{Any, Any}",false,false,0,false,true,true,true
src/inference/gibbs_conditional.jl,GibbsConditional,mtsig,"Tuple{Symbol, C} where C",false,false,1,true,true,true,true
src/inference/gibbs_conditional.jl,DynamicPPL.getspace,mtsig,Tuple{GibbsConditional{S}} where S,false,false,1,true,true,true,true
src/inference/gibbs_conditional.jl,DynamicPPL.initialstep,mtsig,"Tuple{AbstractRNG, Model, Sampler{<:GibbsConditional}, AbstractVarInfo, Vararg{Any}}",false,false,1,true,true,true,true
src/inference/gibbs_conditional.jl,AbstractMCMC.step,mtsig,"Tuple{AbstractRNG, Model, Sampler{<:GibbsConditional}, AbstractVarInfo, Vararg{Any}}",false,false,1,true,true,true,true
src/inference/gibbs_conditional.jl,conditioned,mtsig,Tuple{NamedTuple{names}} where names,false,false,1,true,true,true,true
src/inference/gibbs_conditional.jl,extractparam,mtsig,"Tuple{Tuple{Vector{<:Array{<:Real}}, Vector{String}}}",false,false,2,true,true,true,true
src/inference/gibbs_conditional.jl,extractparam,mtsig,"Tuple{Tuple{Vector{<:Real}, Vector{String}}}",false,false,1,true,true,true,true
src/inference/hmc.jl,HMCTransition,mtsig,"Tuple{AbstractVarInfo, AHMC.Transition}",false,false,0,false,true,true,true
src/inference/hmc.jl,metadata,mtsig,Tuple{HMCTransition},false,false,0,false,true,true,true
src/inference/hmc.jl,DynamicPPL.getlogp,mtsig,Tuple{HMCTransition},false,false,0,false,true,true,true
src/inference/hmc.jl,HMC,mtsig,"Tuple{Vararg{Any}, Vararg{Any}}",false,false,0,false,true,true,true
src/inference/hmc.jl,HMC,mtsig,"(Tuple{Float64, Int, Type{metricT}, Tuple} where metricT <: AHMC.AbstractMetric) where AD",false,false,2,true,false,true,true
src/inference/hmc.jl,HMC,mtsig,"Tuple{Float64, Int, Tuple{}, Vararg{Any}} where AD",false,false,1,true,false,true,true
src/inference/hmc.jl,HMC,mtsig,"Tuple{Float64, Int, Vararg{Symbol}, Any} where AD",false,false,1,true,false,true,true
src/inference/hmc.jl,DynamicPPL.initialsampler,mtsig,Tuple{Sampler{<:Hamiltonian}},false,false,1,true,true,true,true
src/inference/hmc.jl,AbstractMCMC.sample,mtsig,"Tuple{AbstractRNG, AbstractModel, Sampler{<:AdaptiveHamiltonian}, Integer, Any, Any, Any, Any, Any, Any, Vararg{Any}}",false,false,1,true,true,true,true
src/inference/hmc.jl,DynamicPPL.initialstep,mtsig,"Tuple{AbstractRNG, AbstractModel, Sampler{<:Hamiltonian}, AbstractVarInfo, Any, Any, Vararg{Any}}",false,false,1,true,true,true,true
src/inference/hmc.jl,AbstractMCMC.step,mtsig,"Tuple{Random.AbstractRNG, Model, Sampler{<:Hamiltonian}, HMCState, Any, Vararg{Any}}",false,false,1,true,true,true,true
src/inference/hmc.jl,get_hamiltonian,mtsig,"Tuple{Any, Any, Any, Any, Any}",false,false,0,false,true,true,true
src/inference/hmc.jl,HMCDA,mtsig,"Tuple{Vararg{Any}, Vararg{Any}}",false,false,0,false,true,true,true
src/inference/hmc.jl,HMCDA,mtsig,"(Tuple{Int, Float64, Float64, Float64, Type{metricT}, Tuple} where metricT <: AHMC.AbstractMetric) where AD",false,false,2,true,false,true,true
src/inference/hmc.jl,HMCDA,mtsig,"Tuple{Float64, Float64, Float64, Any} where AD",false,false,1,true,false,true,true
src/inference/hmc.jl,HMCDA,mtsig,"Tuple{Int, Float64, Float64, Tuple{}, Vararg{Any}} where AD",false,false,1,true,false,true,true
src/inference/hmc.jl,HMCDA,mtsig,"Tuple{Int, Float64, Float64, Vararg{Symbol}, Float64, Any} where AD",false,false,1,true,false,true,true
src/inference/hmc.jl,NUTS,mtsig,"Tuple{Vararg{Any}, Vararg{Any}}",false,false,0,false,true,true,true
src/inference/hmc.jl,NUTS,mtsig,"(Tuple{Int, Float64, Int, Float64, Float64, Type{metricT}, Tuple} where metricT) where AD",false,false,2,true,false,true,true
src/inference/hmc.jl,NUTS,mtsig,"Tuple{Int, Float64, Tuple{}, Vararg{Any}} where AD",false,false,1,true,false,true,true
src/inference/hmc.jl,NUTS,mtsig,"Tuple{Int, Float64, Vararg{Symbol}, Int, Float64, Float64, Any} where AD",false,false,1,true,false,true,true
src/inference/hmc.jl,NUTS,mtsig,"Tuple{Float64, Int, Float64, Float64, Any} where AD",false,false,1,true,false,true,true
src/inference/hmc.jl,NUTS,mtsig,Tuple{Vararg{Any}} where AD,false,false,1,true,false,true,true
src/inference/hmc.jl,getmetricT,mtsig,"Tuple{($alg){<:Any, <:Any, metricT}} where metricT",false,false,3,true,true,true,true
src/inference/hmc.jl,getstepsize,mtsig,"Tuple{Sampler{<:Hamiltonian}, Any}",false,false,1,true,true,true,true
src/inference/hmc.jl,getstepsize,mtsig,"Tuple{Sampler{<:AdaptiveHamiltonian}, Any}",false,false,1,true,true,true,true
src/inference/hmc.jl,gen_∂logπ∂θ,mtsig,"Tuple{Any, Sampler, Any}",false,false,0,false,true,true,true
src/inference/hmc.jl,∂logπ∂θ,mtsig,Tuple{Any},false,false,0,false,true,true,true
src/inference/hmc.jl,gen_logπ,mtsig,"Tuple{Any, AbstractSampler, Any}",false,false,0,false,true,true,true
src/inference/hmc.jl,logπ,mtsig,Tuple{Any},false,false,0,false,true,true,true
src/inference/hmc.jl,gen_metric,mtsig,"Tuple{Int, Sampler{<:Hamiltonian}, Any}",false,false,1,true,true,true,true
src/inference/hmc.jl,gen_metric,mtsig,"Tuple{Int, Sampler{<:AdaptiveHamiltonian}, Any}",false,false,1,true,true,true,true
src/inference/hmc.jl,make_ahmc_kernel,mtsig,"Tuple{HMC, Any}",false,false,0,false,true,true,true
src/inference/hmc.jl,make_ahmc_kernel,mtsig,"Tuple{HMCDA, Any}",false,false,0,false,true,true,true
src/inference/hmc.jl,make_ahmc_kernel,mtsig,"Tuple{NUTS, Any}",false,false,0,false,true,true,true
src/inference/hmc.jl,DynamicPPL.assume,mtsig,"Tuple{Any, Sampler{<:Hamiltonian}, Distribution, VarName, Any}",false,false,1,true,true,true,true
src/inference/hmc.jl,DynamicPPL.dot_assume,mtsig,"Tuple{Any, Sampler{<:Hamiltonian}, MultivariateDistribution, AbstractArray{<:VarName}, AbstractMatrix, Any}",false,false,2,true,true,true,true
src/inference/hmc.jl,DynamicPPL.dot_assume,mtsig,"Tuple{Any, Sampler{<:Hamiltonian}, Union{Distribution, AbstractArray{<:Distribution}}, AbstractArray{<:VarName}, AbstractArray, Any}",false,false,3,true,true,true,true
src/inference/hmc.jl,DynamicPPL.observe,mtsig,"Tuple{Sampler{<:Hamiltonian}, Distribution, Any, Any}",false,false,1,true,true,true,true
src/inference/hmc.jl,DynamicPPL.dot_observe,mtsig,"Tuple{Sampler{<:Hamiltonian}, Union{Distribution, AbstractArray{<:Distribution}}, AbstractArray, Any}",false,false,2,true,true,true,true
src/inference/hmc.jl,AHMCAdaptor,mtsig,"Tuple{AdaptiveHamiltonian, AHMC.AbstractMetric, Any}",false,false,0,false,true,true,true
src/inference/hmc.jl,AHMCAdaptor,mtsig,"Tuple{Hamiltonian, AHMC.AbstractMetric, Vararg{Any}}",false,false,0,false,true,true,true
src/inference/hmc.jl,HMCState,mtsig,"Tuple{AbstractRNG, Model, Sampler{<:Hamiltonian}, AbstractVarInfo, Vararg{Any}}",false,false,1,true,true,true,true
src/inference/is.jl,IS,mtsig,Tuple{},false,false,0,false,true,true,true
src/inference/is.jl,DynamicPPL.initialsampler,mtsig,Tuple{Sampler{<:IS}},false,false,1,true,true,true,true
src/inference/is.jl,DynamicPPL.initialstep,mtsig,"Tuple{AbstractRNG, Model, Sampler{<:IS}, AbstractVarInfo, Vararg{Any}}",false,false,1,true,true,true,true
src/inference/is.jl,AbstractMCMC.step,mtsig,"Tuple{Random.AbstractRNG, Model, Sampler{<:IS}, Nothing, Vararg{Any}}",false,false,1,true,true,true,true
src/inference/is.jl,getlogevidence,mtsig,"Tuple{Vector{<:Transition}, Sampler{<:IS}, Any}",false,false,2,true,true,true,true
src/inference/is.jl,<NA-name>,mtsig,Tuple{Any},false,false,0,false,true,true,true
src/inference/is.jl,DynamicPPL.assume,mtsig,"Tuple{Any, Sampler{<:IS}, Distribution, VarName, Any}",false,false,1,true,true,true,true
src/inference/is.jl,DynamicPPL.observe,mtsig,"Tuple{Sampler{<:IS}, Distribution, Any, Any}",false,false,1,true,true,true,true
src/inference/mh.jl,proposal,mtsig,Tuple{AdvancedMH.Proposal},false,false,0,false,true,true,true
src/inference/mh.jl,proposal,mtsig,Tuple{Function},false,false,0,false,true,true,true
src/inference/mh.jl,proposal,mtsig,Tuple{Distribution},false,false,0,false,true,true,true
src/inference/mh.jl,proposal,mtsig,Tuple{AbstractMatrix},false,false,0,false,true,true,true
src/inference/mh.jl,proposal,mtsig,Tuple{Any},false,false,0,false,true,true,true
src/inference/mh.jl,MH,mtsig,Tuple{Vararg{Any}},false,false,0,false,true,true,true
src/inference/mh.jl,set_namedtuple!,mtsig,"Tuple{VarInfo, NamedTuple}",false,false,0,false,true,true,true
src/inference/mh.jl,f::MHLogDensityFunction,mtsig,Tuple{Any},false,false,0,false,true,true,true
src/inference/mh.jl,unvectorize,mtsig,Tuple{AbstractVector},false,false,0,false,true,true,true
src/inference/mh.jl,reconstruct,mtsig,"Tuple{Distribution, AbstractVector}",false,false,0,false,true,true,true
src/inference/mh.jl,reconstruct,mtsig,"Tuple{AbstractVector{<:UnivariateDistribution}, AbstractVector}",false,false,1,true,true,true,true
src/inference/mh.jl,reconstruct,mtsig,"Tuple{AbstractVector{<:MultivariateDistribution}, AbstractVector}",false,false,1,true,true,true,true
src/inference/mh.jl,<NA-name>,mtsig,Tuple{Any},false,false,0,false,true,true,true
src/inference/mh.jl,dist_val_tuple,mtsig,"Tuple{Sampler{<:MH}, AbstractVarInfo}",false,false,1,true,true,true,true
src/inference/mh.jl,_val_tuple,mtsig,"Tuple{VarInfo, NamedTuple{names}} where names",false,false,1,true,true,true,true
src/inference/mh.jl,_dist_tuple,mtsig,"(Tuple{NamedTuple{propnames}, VarInfo, NamedTuple{names}} where propnames) where names",false,false,2,true,true,true,true
src/inference/mh.jl,should_link,mtsig,"Tuple{Any, Any, Any}",false,false,0,false,true,true,true
src/inference/mh.jl,should_link,mtsig,"Tuple{Any, Any, NamedTuple{(), Tuple{}}}",false,true,0,false,true,true,true
src/inference/mh.jl,should_link,mtsig,"Tuple{Any, Any, AdvancedMH.RandomWalkProposal}",false,false,0,false,true,true,true
src/inference/mh.jl,should_link,mtsig,"(Tuple{Any, Any, NamedTuple{names, vals}} where vals <: NTuple{<:Any, <:AdvancedMH.RandomWalkProposal}) where names",false,false,4,true,true,true,true
src/inference/mh.jl,maybe_link!,mtsig,"Tuple{Any, Any, Any}",false,false,0,false,true,true,true
src/inference/mh.jl,propose!,mtsig,"Tuple{AbstractRNG, AbstractVarInfo, Model, Sampler{<:MH}, Any}",false,false,1,true,true,true,true
src/inference/mh.jl,propose!,mtsig,"Tuple{AbstractRNG, AbstractVarInfo, Model, Sampler{<:MH}, AdvancedMH.RandomWalkProposal{issymmetric, <:MvNormal}} where issymmetric",false,false,3,true,true,true,true
src/inference/mh.jl,DynamicPPL.initialstep,mtsig,"Tuple{AbstractRNG, AbstractModel, Sampler{<:MH}, AbstractVarInfo, Vararg{Any}}",false,false,1,true,true,true,true
src/inference/mh.jl,AbstractMCMC.step,mtsig,"Tuple{AbstractRNG, Model, Sampler{<:MH}, AbstractVarInfo, Vararg{Any}}",false,false,1,true,true,true,true
src/inference/mh.jl,DynamicPPL.assume,mtsig,"Tuple{Any, Sampler{<:MH}, Distribution, VarName, Any}",false,false,1,true,true,true,true
src/inference/mh.jl,DynamicPPL.dot_assume,mtsig,"Tuple{Any, Sampler{<:MH}, MultivariateDistribution, VarName, AbstractMatrix, Any}",false,false,1,true,true,true,true
src/inference/mh.jl,<NA-name>,mtsig,Tuple{Any},false,false,0,false,true,true,true
src/inference/mh.jl,DynamicPPL.dot_assume,mtsig,"Tuple{Any, Sampler{<:MH}, Union{Distribution, AbstractArray{<:Distribution}}, VarName, AbstractArray, Any}",false,false,2,true,true,true,true
src/inference/mh.jl,<NA-name>,mtsig,Tuple{Any},false,false,0,false,true,true,true
src/inference/mh.jl,DynamicPPL.observe,mtsig,"Tuple{Sampler{<:MH}, Distribution, Any, Any}",false,false,1,true,true,true,true
src/inference/mh.jl,DynamicPPL.dot_observe,mtsig,"Tuple{Sampler{<:MH}, Union{Distribution, AbstractArray{<:Distribution}}, AbstractArray, Any}",false,false,2,true,true,true,true
src/modes/ModeEstimation.jl,DynamicPPL.NodeTrait,mtsig,Tuple{OptimizationContext},false,false,0,false,true,true,true
src/modes/ModeEstimation.jl,DynamicPPL.childcontext,mtsig,Tuple{OptimizationContext},false,false,0,false,true,true,true
src/modes/ModeEstimation.jl,DynamicPPL.setchildcontext,mtsig,"Tuple{OptimizationContext, Any}",false,false,0,false,true,true,true
src/modes/ModeEstimation.jl,DynamicPPL.tilde_assume,mtsig,"Tuple{Random.AbstractRNG, OptimizationContext, Any, Any, Any, Any}",false,false,0,false,true,true,true
src/modes/ModeEstimation.jl,DynamicPPL.tilde_assume,mtsig,"Tuple{OptimizationContext{<:LikelihoodContext}, Any, Any, Any, Any}",false,false,1,true,true,true,true
src/modes/ModeEstimation.jl,DynamicPPL.tilde_assume,mtsig,"Tuple{OptimizationContext, Any, Any, Any, Any}",false,false,0,false,true,true,true
src/modes/ModeEstimation.jl,DynamicPPL.dot_tilde_assume,mtsig,"Tuple{Random.AbstractRNG, OptimizationContext, Any, Any, Any, Any, Any}",false,false,0,false,true,true,true
src/modes/ModeEstimation.jl,DynamicPPL.dot_tilde_assume,mtsig,"Tuple{OptimizationContext{<:LikelihoodContext}, SampleFromPrior, Any, Any, Any, Any}",false,false,1,true,true,true,true
src/modes/ModeEstimation.jl,DynamicPPL.dot_tilde_assume,mtsig,"Tuple{OptimizationContext, SampleFromPrior, Any, Any, Any, Any}",false,false,0,false,true,true,true
src/modes/ModeEstimation.jl,OptimLogDensity,mtsig,"Tuple{Model, AbstractContext}",false,false,0,false,true,true,true
src/modes/ModeEstimation.jl,f::OptimLogDensity,mtsig,Tuple{Any},false,false,0,false,true,true,true
src/modes/ModeEstimation.jl,f::OptimLogDensity,mtsig,"Tuple{Any, Any, Any, Any}",false,false,0,false,true,true,true
src/modes/ModeEstimation.jl,transform!,mtsig,Tuple{OptimLogDensity},false,false,0,false,true,true,true
src/modes/ModeEstimation.jl,transform!,mtsig,"Tuple{AbstractArray, DynamicPPL.VarInfo, constrained_space{true}}",false,false,0,false,true,true,true
src/modes/ModeEstimation.jl,transform!,mtsig,"Tuple{AbstractArray, DynamicPPL.VarInfo, constrained_space{false}}",false,false,0,false,true,true,true
src/modes/ModeEstimation.jl,transform,mtsig,"Tuple{AbstractArray, DynamicPPL.VarInfo, constrained_space}",false,false,0,false,true,true,true
src/modes/ModeEstimation.jl,t::AbstractTransform,mtsig,Tuple{AbstractArray},false,false,0,false,true,true,true
src/modes/ModeEstimation.jl,t::Init,mtsig,Tuple{},false,false,0,false,true,true,true
src/modes/ModeEstimation.jl,get_parameter_bounds,mtsig,Tuple{DynamicPPL.Model},false,false,0,false,true,true,true
src/modes/ModeEstimation.jl,_optim_objective,mtsig,"Tuple{DynamicPPL.Model, MAP, constrained_space{false}}",false,false,0,false,true,true,true
src/modes/ModeEstimation.jl,_optim_objective,mtsig,"Tuple{DynamicPPL.Model, MAP, constrained_space{true}}",false,false,0,false,true,true,true
src/modes/ModeEstimation.jl,_optim_objective,mtsig,"Tuple{DynamicPPL.Model, MLE, constrained_space{false}}",false,false,0,false,true,true,true
src/modes/ModeEstimation.jl,_optim_objective,mtsig,"Tuple{DynamicPPL.Model, MLE, constrained_space{true}}",false,false,0,false,true,true,true
src/modes/ModeEstimation.jl,optim_objective,mtsig,"Tuple{DynamicPPL.Model, Union{MLE, MAP}, Bool}",false,false,0,false,true,true,true
src/modes/ModeEstimation.jl,optim_function,mtsig,"Tuple{DynamicPPL.Model, Union{MLE, MAP}, Bool, Union{Nothing, AbstractADType}}",false,false,0,false,true,true,true
src/modes/ModeEstimation.jl,l,mtsig,"Tuple{Any, Any}",false,false,0,false,true,true,true
src/modes/ModeEstimation.jl,<NA-name>,mtsig,"Tuple{Any, Any, Any}",false,false,0,false,true,true,true
src/modes/ModeEstimation.jl,<NA-name>,mtsig,"Tuple{Any, Any, Any}",false,false,0,false,true,true,true
src/modes/ModeEstimation.jl,optim_problem,mtsig,"Tuple{DynamicPPL.Model, Union{MAP, MLE}, Bool, Any, Union{Nothing, AbstractADType}, Vararg{Any}}",false,false,0,false,true,true,true
src/modes/OptimInterface.jl,Base.show,mtsig,"Tuple{IO, MIME""text/plain"", ModeResult}",false,false,0,false,true,true,true
src/modes/OptimInterface.jl,Base.show,mtsig,"Tuple{IO, ModeResult}",false,false,0,false,true,true,true
src/modes/OptimInterface.jl,StatsBase.coeftable,mtsig,Tuple{ModeResult},false,false,0,false,true,true,true
src/modes/OptimInterface.jl,StatsBase.informationmatrix,mtsig,"Tuple{ModeResult, Any, Vararg{Any}}",false,false,0,false,true,true,true
src/modes/OptimInterface.jl,StatsBase.coef,mtsig,Tuple{ModeResult},false,false,0,false,true,true,true
src/modes/OptimInterface.jl,StatsBase.coefnames,mtsig,Tuple{ModeResult},false,false,0,false,true,true,true
src/modes/OptimInterface.jl,StatsBase.params,mtsig,Tuple{ModeResult},false,false,0,false,true,true,true
src/modes/OptimInterface.jl,StatsBase.vcov,mtsig,Tuple{ModeResult},false,false,0,false,true,true,true
src/modes/OptimInterface.jl,StatsBase.loglikelihood,mtsig,Tuple{ModeResult},false,false,0,false,true,true,true
src/modes/OptimInterface.jl,Optim.optimize,mtsig,"Tuple{Model, MLE, Optim.Options, Vararg{Any}}",false,false,0,false,true,true,true
src/modes/OptimInterface.jl,Optim.optimize,mtsig,"Tuple{Model, MLE, AbstractArray, Optim.Options, Vararg{Any}}",false,false,0,false,true,true,true
src/modes/OptimInterface.jl,Optim.optimize,mtsig,"Tuple{Model, MLE, Optim.AbstractOptimizer, Optim.Options, Vararg{Any}}",false,false,0,false,true,true,true
src/modes/OptimInterface.jl,Optim.optimize,mtsig,"Tuple{Model, MLE, AbstractArray, Optim.AbstractOptimizer, Optim.Options, Vararg{Any}}",false,false,0,false,true,true,true
src/modes/OptimInterface.jl,_mle_optimize,mtsig,"Tuple{Model, Vararg{Any}, Vararg{Any}}",false,false,0,false,true,true,true
src/modes/OptimInterface.jl,Optim.optimize,mtsig,"Tuple{Model, MAP, Optim.Options, Vararg{Any}}",false,false,0,false,true,true,true
src/modes/OptimInterface.jl,Optim.optimize,mtsig,"Tuple{Model, MAP, AbstractArray, Optim.Options, Vararg{Any}}",false,false,0,false,true,true,true
src/modes/OptimInterface.jl,Optim.optimize,mtsig,"Tuple{Model, MAP, Optim.AbstractOptimizer, Optim.Options, Vararg{Any}}",false,false,0,false,true,true,true
src/modes/OptimInterface.jl,Optim.optimize,mtsig,"Tuple{Model, MAP, AbstractArray, Optim.AbstractOptimizer, Optim.Options, Vararg{Any}}",false,false,0,false,true,true,true
src/modes/OptimInterface.jl,_map_optimize,mtsig,"Tuple{Model, Vararg{Any}, Vararg{Any}}",false,false,0,false,true,true,true
src/modes/OptimInterface.jl,_optimize,mtsig,"Tuple{Model, OptimLogDensity, Optim.AbstractOptimizer, Vararg{Any}, Vararg{Any}}",false,false,0,false,true,true,true
src/modes/OptimInterface.jl,_optimize,mtsig,"Tuple{Model, OptimLogDensity, Optim.Options, Vararg{Any}, Vararg{Any}}",false,false,0,false,true,true,true
src/modes/OptimInterface.jl,_optimize,mtsig,"Tuple{Model, OptimLogDensity, AbstractArray, Optim.Options, Vararg{Any}, Vararg{Any}}",false,false,0,false,true,true,true
src/modes/OptimInterface.jl,_optimize,mtsig,"Tuple{Model, OptimLogDensity, AbstractArray, Optim.AbstractOptimizer, Optim.Options, Vararg{Any}, Vararg{Any}}",false,false,0,false,true,true,true
src/stdlib/RandomMeasures.jl,logpdf,mtsig,"Tuple{SizeBiasedSamplingProcess, Real}",false,false,0,false,true,true,true
src/stdlib/RandomMeasures.jl,rand,mtsig,"Tuple{AbstractRNG, SizeBiasedSamplingProcess}",false,false,0,false,true,true,true
src/stdlib/RandomMeasures.jl,minimum,mtsig,Tuple{SizeBiasedSamplingProcess},false,false,0,false,true,true,true
src/stdlib/RandomMeasures.jl,maximum,mtsig,Tuple{SizeBiasedSamplingProcess},false,false,0,false,true,true,true
src/stdlib/RandomMeasures.jl,logpdf,mtsig,"Tuple{StickBreakingProcess, Real}",false,false,0,false,true,true,true
src/stdlib/RandomMeasures.jl,rand,mtsig,"Tuple{AbstractRNG, StickBreakingProcess}",false,false,0,false,true,true,true
src/stdlib/RandomMeasures.jl,minimum,mtsig,Tuple{StickBreakingProcess},false,false,0,false,true,true,true
src/stdlib/RandomMeasures.jl,maximum,mtsig,Tuple{StickBreakingProcess},false,false,0,false,true,true,true
src/stdlib/RandomMeasures.jl,logpdf,mtsig,"Tuple{ChineseRestaurantProcess, Int}",false,false,0,false,true,true,true
src/stdlib/RandomMeasures.jl,rand,mtsig,"Tuple{AbstractRNG, ChineseRestaurantProcess}",false,false,0,false,true,true,true
src/stdlib/RandomMeasures.jl,minimum,mtsig,Tuple{ChineseRestaurantProcess},false,false,0,false,true,true,true
src/stdlib/RandomMeasures.jl,maximum,mtsig,Tuple{ChineseRestaurantProcess},false,false,0,false,true,true,true
src/stdlib/RandomMeasures.jl,distribution,mtsig,Tuple{StickBreakingProcess{<:DirichletProcess}},false,false,1,true,true,true,true
src/stdlib/RandomMeasures.jl,distribution,mtsig,Tuple{SizeBiasedSamplingProcess{<:DirichletProcess}},false,false,1,true,true,true,true
src/stdlib/RandomMeasures.jl,_logpdf_table,mtsig,"Tuple{DirichletProcess{T}, AbstractVector{Int}} where T <: Real",false,false,1,true,true,true,true
src/stdlib/RandomMeasures.jl,distribution,mtsig,Tuple{StickBreakingProcess{<:PitmanYorProcess}},false,false,1,true,true,true,true
src/stdlib/RandomMeasures.jl,stickbreak,mtsig,Tuple{Any},false,false,0,false,true,true,true
src/stdlib/RandomMeasures.jl,distribution,mtsig,Tuple{SizeBiasedSamplingProcess{<:PitmanYorProcess}},false,false,1,true,true,true,true
src/stdlib/RandomMeasures.jl,_logpdf_table,mtsig,"Tuple{PitmanYorProcess{T}, AbstractVector{Int}} where T <: Real",false,false,1,true,true,true,true
src/stdlib/distributions.jl,Base.minimum,mtsig,Tuple{Flat},false,false,0,false,true,true,true
src/stdlib/distributions.jl,Base.maximum,mtsig,Tuple{Flat},false,false,0,false,true,true,true
src/stdlib/distributions.jl,Base.rand,mtsig,"Tuple{Random.AbstractRNG, Flat}",false,false,0,false,true,true,true
src/stdlib/distributions.jl,Distributions.logpdf,mtsig,"Tuple{Flat, Real}",false,false,0,false,true,true,true
src/stdlib/distributions.jl,Distributions.pdf,mtsig,"Tuple{Flat, Real}",false,false,0,false,true,true,true
src/stdlib/distributions.jl,Distributions.logpdf,mtsig,"Tuple{Flat, AbstractVector{<:Real}}",false,false,1,true,true,true,true
src/stdlib/distributions.jl,Distributions.loglikelihood,mtsig,"Tuple{Flat, AbstractVector{<:Real}}",false,false,1,true,true,true,true
src/stdlib/distributions.jl,Base.minimum,mtsig,Tuple{FlatPos},false,false,0,false,true,true,true
src/stdlib/distributions.jl,Base.maximum,mtsig,Tuple{FlatPos},false,false,0,false,true,true,true
src/stdlib/distributions.jl,Base.rand,mtsig,"Tuple{Random.AbstractRNG, FlatPos}",false,false,0,false,true,true,true
src/stdlib/distributions.jl,Distributions.logpdf,mtsig,"Tuple{FlatPos, Real}",false,false,0,false,true,true,true
src/stdlib/distributions.jl,Distributions.pdf,mtsig,"Tuple{FlatPos, Real}",false,false,0,false,true,true,true
src/stdlib/distributions.jl,Distributions.loglikelihood,mtsig,"Tuple{FlatPos, AbstractVector{<:Real}}",false,false,1,true,true,true,true
src/stdlib/distributions.jl,BinomialLogit,mtsig,"Tuple{Int, T} where T",false,false,1,true,true,true,true
src/stdlib/distributions.jl,BinomialLogit,mtsig,"Tuple{Int, Real}",false,false,0,false,true,true,true
src/stdlib/distributions.jl,Base.minimum,mtsig,Tuple{BinomialLogit},false,false,0,false,true,true,true
src/stdlib/distributions.jl,Base.maximum,mtsig,Tuple{BinomialLogit},false,false,0,false,true,true,true
src/stdlib/distributions.jl,Distributions.pdf,mtsig,"Tuple{BinomialLogit, Real}",false,false,0,false,true,true,true
src/stdlib/distributions.jl,Distributions.logpdf,mtsig,"Tuple{BinomialLogit, Real}",false,false,0,false,true,true,true
src/stdlib/distributions.jl,Distributions.logpdf,mtsig,"Tuple{BinomialLogit, Integer}",false,false,0,false,true,true,true
src/stdlib/distributions.jl,_logpdf,mtsig,"Tuple{BinomialLogit, Real}",false,false,0,false,true,true,true
src/stdlib/distributions.jl,Base.rand,mtsig,"Tuple{Random.AbstractRNG, BinomialLogit}",false,false,0,false,true,true,true
src/stdlib/distributions.jl,Distributions.sampler,mtsig,Tuple{BinomialLogit},false,false,0,false,true,true,true
src/stdlib/distributions.jl,BernoulliLogit,mtsig,Tuple{Real},false,false,0,false,true,true,true
src/stdlib/distributions.jl,OrderedLogistic,mtsig,"(Tuple{T1, T2} where T2) where T1",false,false,2,true,true,true,true
src/stdlib/distributions.jl,OrderedLogistic,mtsig,"Tuple{Any, AbstractVector}",false,false,0,false,true,true,true
src/stdlib/distributions.jl,Base.minimum,mtsig,Tuple{OrderedLogistic},false,false,0,false,true,true,true
src/stdlib/distributions.jl,Base.maximum,mtsig,Tuple{OrderedLogistic},false,false,0,false,true,true,true
src/stdlib/distributions.jl,Distributions.pdf,mtsig,"Tuple{OrderedLogistic, Real}",false,false,0,false,true,true,true
src/stdlib/distributions.jl,Distributions.logpdf,mtsig,"Tuple{OrderedLogistic, Real}",false,false,0,false,true,true,true
src/stdlib/distributions.jl,Distributions.logpdf,mtsig,"Tuple{OrderedLogistic, Integer}",false,false,0,false,true,true,true
src/stdlib/distributions.jl,_logpdf,mtsig,"Tuple{OrderedLogistic, Real}",false,false,0,false,true,true,true
src/stdlib/distributions.jl,Base.rand,mtsig,"Tuple{Random.AbstractRNG, OrderedLogistic}",false,false,0,false,true,true,true
src/stdlib/distributions.jl,<NA-name>,mtsig,Tuple{Any},false,false,0,false,true,true,true
src/stdlib/distributions.jl,Distributions.sampler,mtsig,Tuple{OrderedLogistic},false,false,0,false,true,true,true
src/stdlib/distributions.jl,<NA-name>,mtsig,Tuple{Any},false,false,0,false,true,true,true
src/stdlib/distributions.jl,unsafe_logpdf_ordered_logistic,mtsig,"Tuple{Any, Any, Any, Int}",false,false,0,false,true,true,true
src/stdlib/distributions.jl,LogPoisson,mtsig,Tuple{T} where T,false,false,1,true,true,true,true
src/stdlib/distributions.jl,LogPoisson,mtsig,Tuple{Real},false,false,0,false,true,true,true
src/stdlib/distributions.jl,Base.minimum,mtsig,Tuple{LogPoisson},false,false,0,false,true,true,true
src/stdlib/distributions.jl,Base.maximum,mtsig,Tuple{LogPoisson},false,false,0,false,true,true,true
src/stdlib/distributions.jl,_logpdf,mtsig,"Tuple{LogPoisson, Real}",false,false,0,false,true,true,true
src/stdlib/distributions.jl,Distributions.pdf,mtsig,"Tuple{LogPoisson, Real}",false,false,0,false,true,true,true
src/stdlib/distributions.jl,Distributions.logpdf,mtsig,"Tuple{LogPoisson, Integer}",false,false,0,false,true,true,true
src/stdlib/distributions.jl,Distributions.logpdf,mtsig,"Tuple{LogPoisson, Real}",false,false,0,false,true,true,true
src/stdlib/distributions.jl,Base.rand,mtsig,"Tuple{Random.AbstractRNG, LogPoisson}",false,false,0,false,true,true,true
src/stdlib/distributions.jl,Distributions.sampler,mtsig,Tuple{LogPoisson},false,false,0,false,true,true,true
src/stdlib/distributions.jl,Bijectors.logpdf_with_trans,mtsig,"Tuple{NoDist{<:Univariate}, Real, Bool}",false,false,1,true,true,true,true
src/stdlib/distributions.jl,Bijectors.logpdf_with_trans,mtsig,"Tuple{NoDist{<:Multivariate}, AbstractVector{<:Real}, Bool}",false,false,2,true,true,true,true
src/stdlib/distributions.jl,Bijectors.logpdf_with_trans,mtsig,"Tuple{NoDist{<:Multivariate}, AbstractMatrix{<:Real}, Bool}",false,false,2,true,true,true,true
src/stdlib/distributions.jl,Bijectors.logpdf_with_trans,mtsig,"Tuple{NoDist{<:Matrixvariate}, AbstractMatrix{<:Real}, Bool}",false,false,2,true,true,true,true
src/utilities/helper.jl,FlattenIterator,mtsig,"Tuple{Any, Any}",false,false,0,false,true,true,true
src/utilities/helper.jl,Base.length,mtsig,Tuple{FlattenIterator},false,false,0,false,true,true,true
src/utilities/helper.jl,_length,mtsig,Tuple{Any},false,false,0,false,true,true,true
src/utilities/helper.jl,_length,mtsig,Tuple{AbstractArray},false,false,0,false,true,true,true
src/utilities/helper.jl,Base.eltype,mtsig,Tuple{Type{FlattenIterator{T}}} where T,false,false,1,true,true,true,true
src/utilities/helper.jl,_eltype,mtsig,Tuple{Type{T}} where T,false,false,1,true,true,true,true
src/utilities/helper.jl,_eltype,mtsig,Tuple{Type{TA}} where TA <: AbstractArray,false,false,1,true,true,true,true
src/utilities/helper.jl,Base.iterate,mtsig,"Tuple{FlattenIterator{<:Number}, Any}",false,false,1,true,true,true,true
src/utilities/helper.jl,Base.iterate,mtsig,"Tuple{FlattenIterator{<:AbstractArray{<:Number}}, Any}",false,false,2,true,true,true,true
src/utilities/helper.jl,Base.iterate,mtsig,"Tuple{FlattenIterator{T}, Any} where T <: AbstractArray",false,false,1,true,true,true,true
src/utilities/helper.jl,startind,mtsig,Tuple{Type{<:AbstractArray{T}}} where T,false,false,2,true,true,true,false
src/utilities/helper.jl,startind,mtsig,Tuple{Type{<:Number}},false,false,1,true,true,true,true
src/utilities/helper.jl,startind,mtsig,Tuple{Type{<:Any}},false,false,1,true,true,true,true
src/utilities/helper.jl,getname,mtsig,"Tuple{FlattenIterator, Int}",false,false,0,false,true,true,true
src/utilities/helper.jl,ind2sub,mtsig,"Tuple{Any, Any}",false,false,0,false,true,true,true
src/utilities/stan-interface.jl,sample,mtsig,"Tuple{Any, CmdStan.Sample}",false,false,0,false,true,true,true
src/utilities/stan-interface.jl,sample,mtsig,"Tuple{Any, Int, Int, Bool, Int, CmdStan.Sample}",false,false,0,false,true,true,true
src/utilities/stan-interface.jl,sample,mtsig,"Tuple{Any, Int, Int, Bool, Int, CmdStan.Adapt, CmdStan.Hmc}",false,false,0,false,true,true,true
src/utilities/stan-interface.jl,AHMCAdaptor,mtsig,Tuple{Any},false,false,0,false,true,true,true
src/variational/VariationalInference.jl,make_logjoint,mtsig,"Tuple{DynamicPPL.Model, Any}",false,false,0,false,true,true,true
src/variational/VariationalInference.jl,logπ,mtsig,Tuple{Any},false,false,0,false,true,true,true
src/variational/VariationalInference.jl,logjoint,mtsig,"Tuple{DynamicPPL.Model, Any, Any}",false,false,0,false,true,true,true
src/variational/VariationalInference.jl,elbo::ELBO,mtsig,"Tuple{Random.AbstractRNG, AdvancedVI.VariationalInference, Any, DynamicPPL.Model, Any, Any, Vararg{Any}}",false,false,0,false,true,true,true
src/variational/advi.jl,Bijectors.bijector,mtsig,"Tuple{DynamicPPL.Model, Val{sym2ranges}, Any} where sym2ranges",false,false,1,true,true,true,true
src/variational/advi.jl,meanfield,mtsig,Tuple{DynamicPPL.Model},false,false,0,false,true,true,true
src/variational/advi.jl,meanfield,mtsig,"Tuple{Random.AbstractRNG, DynamicPPL.Model}",false,false,0,false,true,true,true
src/variational/advi.jl,AdvancedVI.update,mtsig,"Tuple{DistributionsAD.TuringDiagMvNormal, Any, Any}",false,false,0,false,true,true,true
src/variational/advi.jl,AdvancedVI.update,mtsig,"Tuple{Bijectors.TransformedDistribution, Vararg{Any}}",false,false,0,false,true,true,true
src/variational/advi.jl,AdvancedVI.update,mtsig,"Tuple{Bijectors.TransformedDistribution{<:DistributionsAD.TuringDiagMvNormal}, AbstractArray}",false,false,1,true,true,true,true
src/variational/advi.jl,AdvancedVI.vi,mtsig,"Tuple{DynamicPPL.Model, AdvancedVI.ADVI, Any}",false,false,0,false,true,true,true
src/variational/advi.jl,AdvancedVI.vi,mtsig,"Tuple{DynamicPPL.Model, AdvancedVI.ADVI, Bijectors.TransformedDistribution{<:DistributionsAD.TuringDiagMvNormal}, Any}",false,false,1,true,true,true,true
test/essential/ad.jl,logp,mtsig,Tuple{Vector},false,false,0,false,true,true,true
test/essential/ad.jl,<NA-name>,mtsig,Tuple{Any},false,false,0,false,true,true,true
test/essential/ad.jl,<NA-name>,mtsig,Tuple{Any},false,false,0,false,true,true,true
test/essential/ad.jl,logp1,mtsig,Tuple{Vector},false,false,0,false,true,true,true
test/essential/ad.jl,wishart_ad,mtsig,Tuple{},false,false,0,false,true,true,true
test/essential/ad.jl,logp3,mtsig,Tuple{Any},false,false,0,false,true,true,true
test/essential/ad.jl,dir,mtsig,Tuple{},false,false,0,false,true,true,true
test/essential/ad.jl,wishart,mtsig,Tuple{},false,false,0,false,true,true,true
test/essential/ad.jl,invwishart,mtsig,Tuple{},false,false,0,false,true,true,true
test/essential/ad.jl,tst,mtsig,"Tuple{Any, Type{TV}} where TV",false,false,1,true,true,true,true
test/essential/ad.jl,make_logjoint,mtsig,"Tuple{DynamicPPL.Model, DynamicPPL.AbstractContext}",false,false,0,false,true,true,true
test/essential/ad.jl,logπ,mtsig,"Tuple{Any, Any}",false,false,0,false,true,true,true
test/essential/ad.jl,target,mtsig,Tuple{Any},false,false,0,false,true,true,true
test/essential/ad.jl,demo,mtsig,Tuple{Any},false,false,0,false,true,true,true
test/inference/AdvancedSMC.jl,normal,mtsig,Tuple{},false,false,0,false,true,true,true
test/inference/AdvancedSMC.jl,fail_smc,mtsig,Tuple{},false,false,0,false,true,true,true
test/inference/AdvancedSMC.jl,test,mtsig,Tuple{},false,false,0,false,true,true,true
test/inference/AdvancedSMC.jl,test,mtsig,Tuple{},false,false,0,false,true,true,true
test/inference/Inference.jl,testmodel1,mtsig,Tuple{Any},false,false,0,false,true,true,true
test/inference/Inference.jl,testmodel2,mtsig,Tuple{Any},false,false,0,false,true,true,true
test/inference/Inference.jl,test_assume,mtsig,Tuple{},false,false,0,false,true,true,true
test/inference/Inference.jl,testbb,mtsig,Tuple{Any},false,false,0,false,true,true,true
test/inference/Inference.jl,fggibbstest,mtsig,Tuple{Any},false,false,0,false,true,true,true
test/inference/Inference.jl,gauss,mtsig,Tuple{Any},false,false,0,false,true,true,true
test/inference/Inference.jl,gauss2,mtsig,"Tuple{Type{TV}, Any} where TV",false,false,1,true,true,true,true
test/inference/Inference.jl,newinterface,mtsig,Tuple{Any},false,false,0,false,true,true,true
test/inference/Inference.jl,noreturn,mtsig,Tuple{Any},false,false,0,false,true,true,true
test/inference/Inference.jl,test,mtsig,Tuple{},false,false,0,false,true,true,true
test/inference/Inference.jl,vdemo1,mtsig,Tuple{Any},false,false,0,false,true,true,true
test/inference/Inference.jl,vdemo1b,mtsig,Tuple{Any},false,false,0,false,true,true,true
test/inference/Inference.jl,vdemo2,mtsig,Tuple{Any},false,false,0,false,true,true,true
test/inference/Inference.jl,vdemo3,mtsig,Tuple{},false,false,0,false,true,true,true
test/inference/Inference.jl,vdemo4,mtsig,Tuple{},false,false,0,false,true,true,true
test/inference/Inference.jl,vdemo5,mtsig,Tuple{},false,false,0,false,true,true,true
test/inference/Inference.jl,vdemo6,mtsig,Tuple{},false,false,0,false,true,true,true
test/inference/Inference.jl,vdemo7,mtsig,Tuple{},false,false,0,false,true,true,true
test/inference/Inference.jl,vdemo1,mtsig,Tuple{Any},false,false,0,false,true,true,true
test/inference/Inference.jl,vdemo2,mtsig,Tuple{Any},false,false,0,false,true,true,true
test/inference/Inference.jl,vdemo3,mtsig,Tuple{},false,false,0,false,true,true,true
test/inference/Inference.jl,vdemo4,mtsig,Tuple{},false,false,0,false,true,true,true
test/inference/Inference.jl,vdemo5,mtsig,Tuple{},false,false,0,false,true,true,true
test/inference/Inference.jl,vdemo6,mtsig,Tuple{},false,false,0,false,true,true,true
test/inference/Inference.jl,vdemo7,mtsig,Tuple{},false,false,0,false,true,true,true
test/inference/Inference.jl,vdemo1,mtsig,Tuple{Type{T}} where T,false,false,1,true,true,true,true
test/inference/Inference.jl,vdemo1kw,mtsig,Tuple{Any},false,false,0,false,true,true,true
test/inference/Inference.jl,vdemo2,mtsig,Tuple{Type{T}} where T <: Real,false,false,1,true,true,true,true
test/inference/Inference.jl,vdemo2kw,mtsig,Tuple{Any},false,false,0,false,true,true,true
test/inference/Inference.jl,vdemo3,mtsig,Tuple{Type{TV}} where TV <: AbstractVector,false,false,1,true,true,true,true
test/inference/Inference.jl,vdemo3kw,mtsig,Tuple{Any},false,false,0,false,true,true,true
test/inference/ess.jl,demo,mtsig,Tuple{Any},false,false,0,false,true,true,true
test/inference/ess.jl,demodot,mtsig,Tuple{Any},false,false,0,false,true,true,true
test/inference/gibbs.jl,gdemo_copy,mtsig,Tuple{},false,false,0,false,true,true,true
test/inference/gibbs.jl,AbstractMCMC.bundle_samples,mtsig,"Tuple{Vector, typeof(model), Turing.Sampler{<:Gibbs}, Any, Type{MCMCChains.Chains}, Vararg{Any}}",false,false,1,true,true,true,true
test/inference/gibbs.jl,callback,mtsig,"Tuple{Any, Any, Any, Any, Any, Any, Vararg{Any}}",false,false,0,false,true,true,true
test/inference/gibbs.jl,imm,mtsig,"Tuple{Any, Any, Type{M}} where M",false,false,1,true,true,true,true
test/inference/gibbs_conditional.jl,<NA-name>,mtsig,Tuple{Any},false,false,0,false,true,true,true
test/inference/gibbs_conditional.jl,<NA-name>,mtsig,Tuple{Any},false,false,0,false,true,true,true
test/inference/gibbs_conditional.jl,<NA-name>,mtsig,Tuple{Any},false,false,0,false,true,true,true
test/inference/gibbs_conditional.jl,<NA-name>,mtsig,Tuple{Any},false,false,0,false,true,true,true
test/inference/gibbs_conditional.jl,<NA-name>,mtsig,Tuple{Any},false,false,0,false,true,true,true
test/inference/gibbs_conditional.jl,<NA-name>,mtsig,Tuple{Any},false,false,0,false,true,true,true
test/inference/gibbs_conditional.jl,mixture,mtsig,Tuple{Any},false,false,0,false,true,true,true
test/inference/gibbs_conditional.jl,<NA-name>,mtsig,Tuple{Any},false,false,0,false,true,true,true
test/inference/gibbs_conditional.jl,<NA-name>,mtsig,Tuple{Any},false,false,0,false,true,true,true
test/inference/gibbs_conditional.jl,<NA-name>,mtsig,Tuple{Any},false,false,0,false,true,true,true
test/inference/gibbs_conditional.jl,<NA-name>,mtsig,Tuple{Any},false,false,0,false,true,true,true
test/inference/gibbs_conditional.jl,<NA-name>,mtsig,Tuple{Any},false,false,0,false,true,true,true
test/inference/gibbs_conditional.jl,estimate,mtsig,"Tuple{Any, Any}",false,false,0,false,true,true,true
test/inference/gibbs_conditional.jl,estimatez,mtsig,"Tuple{Any, Any, Any}",false,false,0,false,true,true,true
test/inference/gibbs_conditional.jl,<NA-name>,mtsig,Tuple{Any},false,false,0,false,true,true,true
test/inference/hmc.jl,constrained_test,mtsig,Tuple{Any},false,false,0,false,true,true,true
test/inference/hmc.jl,constrained_simplex_test,mtsig,Tuple{Any},false,false,0,false,true,true,true
test/inference/hmc.jl,hmcmatrixsup,mtsig,Tuple{},false,false,0,false,true,true,true
test/inference/hmc.jl,<NA-name>,mtsig,Tuple{Any},false,false,0,false,true,true,true
test/inference/hmc.jl,nn,mtsig,"Tuple{Any, Any, Any, Any, Any, Any, Any}",false,false,0,false,true,true,true
test/inference/hmc.jl,bnn,mtsig,Tuple{Any},false,false,0,false,true,true,true
test/inference/hmc.jl,mwe1,mtsig,Tuple{Type{T}} where T <: Real,false,false,1,true,true,true,true
test/inference/hmc.jl,mwe2,mtsig,Tuple{Type{T}} where T,false,false,1,true,true,true,true
test/inference/hmc.jl,mwe3,mtsig,Tuple{Type{T}} where T,false,false,1,true,true,true,true
test/inference/is.jl,reference,mtsig,Tuple{Any},false,false,0,false,true,true,true
test/inference/is.jl,reference,mtsig,Tuple{},false,false,0,false,true,true,true
test/inference/is.jl,normal,mtsig,Tuple{},false,false,0,false,true,true,true
test/inference/is.jl,test,mtsig,Tuple{},false,false,0,false,true,true,true
test/inference/mh.jl,M,mtsig,"Tuple{Any, Any, Any}",false,false,0,false,true,true,true
test/inference/mh.jl,twomeans,mtsig,"Tuple{Any, Any}",false,false,0,false,true,true,true
test/inference/mh.jl,test,mtsig,Tuple{Any},false,false,0,false,true,true,true
test/inference/utilities.jl,linear_reg,mtsig,"Tuple{Any, Any, Any}",false,false,0,false,true,true,true
test/inference/utilities.jl,linear_reg_vec,mtsig,"Tuple{Any, Any, Any}",false,false,0,false,true,true,true
test/inference/utilities.jl,f,mtsig,Tuple{Any},false,false,0,false,true,true,true
test/inference/utilities.jl,simple_linear1,mtsig,"Tuple{Any, Any}",false,false,0,false,true,true,true
test/inference/utilities.jl,simple_linear2,mtsig,"Tuple{Any, Any}",false,false,0,false,true,true,true
test/inference/utilities.jl,simple_linear3,mtsig,"Tuple{Any, Any}",false,false,0,false,true,true,true
test/inference/utilities.jl,simple_linear4,mtsig,"Tuple{Any, Any}",false,false,0,false,true,true,true
test/modes/ModeEstimation.jl,<NA-name>,mtsig,"Tuple{Any, Any}",false,false,0,false,true,true,true
test/modes/ModeEstimation.jl,<NA-name>,mtsig,"Tuple{Any, Any}",false,false,0,false,true,true,true
test/modes/ModeEstimation.jl,<NA-name>,mtsig,"Tuple{Any, Any}",false,false,0,false,true,true,true
test/modes/ModeEstimation.jl,<NA-name>,mtsig,"Tuple{Any, Any}",false,false,0,false,true,true,true
test/modes/ModeEstimation.jl,<NA-name>,mtsig,"Tuple{Any, Any}",false,false,0,false,true,true,true
test/modes/ModeEstimation.jl,<NA-name>,mtsig,"Tuple{Any, Any}",false,false,0,false,true,true,true
test/modes/ModeEstimation.jl,<NA-name>,mtsig,"Tuple{Any, Any}",false,false,0,false,true,true,true
test/modes/ModeEstimation.jl,<NA-name>,mtsig,"Tuple{Any, Any}",false,false,0,false,true,true,true
test/modes/ModeEstimation.jl,<NA-name>,mtsig,"Tuple{Any, Any}",false,false,0,false,true,true,true
test/modes/ModeEstimation.jl,<NA-name>,mtsig,"Tuple{Any, Any}",false,false,0,false,true,true,true
test/modes/OptimInterface.jl,regtest,mtsig,"Tuple{Any, Any}",false,false,0,false,true,true,true
test/modes/OptimInterface.jl,dot_gdemo,mtsig,Tuple{Any},false,false,0,false,true,true,true
test/skipped/advi_demo.jl,model,mtsig,Tuple{Any},false,false,0,false,true,true,true
test/skipped/advi_demo.jl,<NA-name>,mtsig,Tuple{Any},false,false,0,false,true,true,true
test/skipped/advi_demo.jl,<NA-name>,mtsig,Tuple{Any},false,false,0,false,true,true,true
test/skipped/advi_demo.jl,<NA-name>,mtsig,Tuple{Any},false,false,0,false,true,true,true
test/skipped/bayes_lr.jl,bayes_lr,mtsig,"Tuple{Any, Any}",false,false,0,false,true,true,true
test/skipped/bayes_lr.jl,lj_func,mtsig,Tuple{Any},false,false,0,false,true,true,true
test/skipped/bayes_lr.jl,neg_lj_func,mtsig,Tuple{Any},false,false,0,false,true,true,true
test/skipped/bayes_lr.jl,grad_func,mtsig,Tuple{Any},false,false,0,false,true,true,true
test/skipped/dual_averaging.jl,_adapt_ϵ,mtsig,"Tuple{Any, Any, Any, Any, Any, Any, Any, Any, Any, Any, Any}",false,false,0,false,true,true,true
test/skipped/dual_averaging.jl,_adapt_ϵ,mtsig,"Tuple{Any, Any, Any, Any, Any, Any, Any, Any, Any, Any, Any}",false,false,0,false,true,true,true
test/skipped/explicit_ret.jl,test_ex_rt,mtsig,Tuple{},false,false,0,false,true,true,true
test/skipped/gdemo.jl,gdemo,mtsig,Tuple{},false,false,0,false,true,true,true
test/skipped/gdemo.jl,lj_func,mtsig,Tuple{Any},false,false,0,false,true,true,true
test/skipped/gdemo.jl,neg_lj_func,mtsig,Tuple{Any},false,false,0,false,true,true,true
test/skipped/gdemo.jl,grad_func,mtsig,Tuple{Any},false,false,0,false,true,true,true
test/skipped/gdemo_hmc.jl,dummy_print,mtsig,Tuple{Vararg{Any}},false,false,0,false,true,true,true
test/skipped/gdemo_hmc.jl,<NA-name>,mtsig,Tuple{Any},false,false,0,false,true,true,true
test/skipped/gdemo_hmc.jl,<NA-name>,mtsig,Tuple{Any},false,false,0,false,true,true,true
test/skipped/gdemo_nuts.jl,dummy_print,mtsig,Tuple{Vararg{Any}},false,false,0,false,true,true,true
test/skipped/gdemo_nuts.jl,<NA-name>,mtsig,Tuple{Any},false,false,0,false,true,true,true
test/skipped/gdemo_nuts.jl,<NA-name>,mtsig,Tuple{Any},false,false,0,false,true,true,true
test/skipped/hmcda_geweke.jl,Gadfly.plot,mtsig,"Tuple{QQPair, Vararg{ElementOrFunction}}",false,false,0,false,true,true,true
test/skipped/hmcda_geweke.jl,qqplot,mtsig,"Tuple{Any, Any, Vararg{ElementOrFunction}}",false,false,0,false,true,true,true
test/skipped/hmcda_geweke.jl,qqnorm,mtsig,"Tuple{Any, Vararg{ElementOrFunction}}",false,false,0,false,true,true,true
test/skipped/hmcda_geweke.jl,gdemo_fw,mtsig,Tuple{},false,false,0,false,true,true,true
test/skipped/hmcda_geweke.jl,gdemo_bk,mtsig,Tuple{Any},false,false,0,false,true,true,true
test/skipped/hmcda_geweke.jl,<NA-name>,mtsig,Tuple{},false,false,0,false,true,true,true
test/skipped/nuts_geweke.jl,Gadfly.plot,mtsig,"Tuple{QQPair, Vararg{ElementOrFunction}}",false,false,0,false,true,true,true
test/skipped/nuts_geweke.jl,qqplot,mtsig,"Tuple{Any, Any, Vararg{ElementOrFunction}}",false,false,0,false,true,true,true
test/skipped/nuts_geweke.jl,qqnorm,mtsig,"Tuple{Any, Vararg{ElementOrFunction}}",false,false,0,false,true,true,true
test/skipped/nuts_geweke.jl,gdemo_fw,mtsig,Tuple{},false,false,0,false,true,true,true
test/skipped/nuts_geweke.jl,gdemo_bk,mtsig,Tuple{Any},false,false,0,false,true,true,true
test/skipped/nuts_geweke.jl,<NA-name>,mtsig,Tuple{},false,false,0,false,true,true,true
test/skipped/simple_gauss.jl,simple_gauss,mtsig,Tuple{},false,false,0,false,true,true,true
test/skipped/simple_gauss.jl,lj_func,mtsig,Tuple{Any},false,false,0,false,true,true,true
test/skipped/simple_gauss.jl,neg_lj_func,mtsig,Tuple{Any},false,false,0,false,true,true,true
test/skipped/simple_gauss.jl,grad_func,mtsig,Tuple{Any},false,false,0,false,true,true,true
test/skipped/simple_gauss_hmc.jl,<NA-name>,mtsig,Tuple{Any},false,false,0,false,true,true,true
test/skipped/sv.jl,sv_model,mtsig,"Tuple{Any, Any}",false,false,0,false,true,true,true
test/skipped/unit_test_helper.jl,test_grad,mtsig,"Tuple{Any, Any, Any}",false,false,0,false,true,true,true
test/skipped/vec_assume_mat.jl,vdemo,mtsig,Tuple{Type{T}} where T,false,false,1,true,true,true,true
test/skipped/vec_assume_mat.jl,vdemo,mtsig,Tuple{},false,false,0,false,true,true,true
test/skipped/vec_assume_mv.jl,vdemo,mtsig,Tuple{},false,false,0,false,true,true,true
test/skipped/vec_assume_mv.jl,vdemo,mtsig,Tuple{},false,false,0,false,true,true,true
test/skipped/vec_assume_mv.jl,vdemo,mtsig,Tuple{},false,false,0,false,true,true,true
test/stdlib/RandomMeasures.jl,infiniteGMM,mtsig,Tuple{Any},false,false,0,false,true,true,true
test/stdlib/RandomMeasures.jl,<NA-name>,mtsig,Tuple{Any},false,false,0,false,true,true,true
test/stdlib/distributions.jl,<NA-name>,mtsig,Tuple{TUPLE_ARG},false,false,0,false,true,true,true
test/stdlib/distributions.jl,m,mtsig,Tuple{},false,false,0,false,true,true,true
test/test_utils/ad_utils.jl,test_reverse_mode_ad,mtsig,"Tuple{Any, Any, Vararg{Any}, Any, Any}",false,false,0,false,true,true,true
test/test_utils/ad_utils.jl,<NA-name>,mtsig,Tuple{Any},false,false,0,false,true,true,true
test/test_utils/ad_utils.jl,<NA-name>,mtsig,Tuple{Any},false,false,0,false,true,true,true
test/test_utils/ad_utils.jl,<NA-name>,mtsig,Tuple{TUPLE_ARG},false,false,0,false,true,true,true
test/test_utils/ad_utils.jl,<NA-name>,mtsig,Tuple{TUPLE_ARG},false,false,0,false,true,true,true
test/test_utils/ad_utils.jl,test_model_ad,mtsig,"Tuple{Any, Any, Vector{Symbol}}",false,false,0,false,true,true,true
test/test_utils/models.jl,gdemo,mtsig,"Tuple{Any, Any}",false,false,0,false,true,true,true
test/test_utils/models.jl,gdemo_d,mtsig,Tuple{},false,false,0,false,true,true,true
test/test_utils/models.jl,MoGtest,mtsig,Tuple{Any},false,false,0,false,true,true,true
test/test_utils/models.jl,empty_model,mtsig,Tuple{},false,false,0,false,true,true,true
test/test_utils/numerical_tests.jl,check_dist_numerical,mtsig,"Tuple{Any, Any, Any, Any, Any}",false,false,0,false,true,true,true
test/test_utils/numerical_tests.jl,check_numerical,mtsig,"Tuple{Any, Vector, Vector, Any, Any}",false,false,0,false,true,true,true
test/test_utils/numerical_tests.jl,check_gdemo,mtsig,"Tuple{Any, Any, Any}",false,false,0,false,true,true,true
test/test_utils/numerical_tests.jl,check_MoGtest_default,mtsig,"Tuple{Any, Any, Any}",false,false,0,false,true,true,true
test/test_utils/numerical_tests.jl,check_gdemo_models,mtsig,"Tuple{Any, Any, Vararg{Any}, Any, Any, Vararg{Any}}",false,false,0,false,true,true,true
test/test_utils/random_measure_utils.jl,compute_log_joint,mtsig,"Tuple{Any, Any, Any, Any, Any, Any}",false,false,0,false,true,true,true
test/test_utils/random_measure_utils.jl,compute_log_conditonal_observations,mtsig,"Tuple{Any, Any, Any, Any}",false,false,0,false,true,true,true
test/test_utils/random_measure_utils.jl,correct_posterior,mtsig,"Tuple{Any, Any, Any, Any, Any, Any, Any}",false,false,0,false,true,true,true
test/test_utils/random_measure_utils.jl,<NA-name>,mtsig,Tuple{Any},false,false,0,false,true,true,true
test/test_utils/staging.jl,get_stage,mtsig,Tuple{},false,false,0,false,true,true,true
test/test_utils/staging.jl,do_test,mtsig,Tuple{Any},false,false,0,false,true,true,true
test/test_utils/testing_functions.jl,GKernel,mtsig,Tuple{Any},false,false,0,false,true,true,true
test/test_utils/testing_functions.jl,<NA-name>,mtsig,Tuple{Any},false,false,0,false,true,true,true
test/test_utils/testing_functions.jl,<NA-name>,mtsig,Tuple{Any},false,false,0,false,true,true,true
test/test_utils/testing_functions.jl,randr,mtsig,"Tuple{Turing.VarInfo, Turing.VarName, Distribution, Turing.Sampler, Bool}",false,false,0,false,true,true,true
test/test_utils/testing_functions.jl,insdelim,mtsig,"Tuple{Any, Any}",false,false,0,false,true,true,true
test/test_utils/testing_functions.jl,<NA-name>,mtsig,"Tuple{Any, Any}",false,false,0,false,true,true,true
test/variational/advi.jl,logπ,mtsig,Tuple{Any},false,false,0,false,true,true,true
test/variational/advi.jl,getq,mtsig,Tuple{Any},false,false,0,false,true,true,true
test/variational/advi.jl,AdvancedVI.update,mtsig,"Tuple{TuringDiagMvNormal, AbstractArray{<:Real}}",false,false,1,true,true,true,true
test/variational/optimisers.jl,test_opt,mtsig,"Tuple{Any, Any}",false,false,0,false,true,true,true
test/variational/optimisers.jl,loss,mtsig,"Tuple{Any, Any}",false,false,0,false,true,true,true
test/variational/optimisers.jl,<NA-name>,mtsig,Tuple{Any},false,false,0,false,true,true,true
